phrase,bloc,nom_parti,date,cadrage,score_net,confiance_nlp,label_nlp
"Quant à la communauté de vie mentionnée à l’article 215, notion introduite dans le code civil par la loi du 4 juin 1970 relative à l’autorité parentale, elle a surtout des conséquences en matière de divorce, en particulier pour l’altération définitive du lien conjugal",Centre,La République en Marche,2021-02-10,NEUTRE,0,0.4039277136325836,"la déclaration est neutre, administrative ou évoque l'immigration sans l'accuser ni la victimiser"
"L’Observatoire national des violences faites aux femmes a noté qu’en 2014, 4 % des femmes immigrées en France et 2 % des filles nées en France âgées de vingt-six à cinquante ans ont subi un mariage non consenti",Droite Traditionnelle,Les Républicains,2018-05-16,VICTIME,-1,0.6509153842926025,les personnes immigrées ou les minorités sont victimes de violences sexuelles et sexistes
"En France, 4 % des femmes immigrées et 2 % des filles d’immigrés nées en France ont subi des mutilations sexuelles",Droite Traditionnelle,Les Républicains,2018-05-16,VICTIME,-1,0.8794965744018555,les personnes immigrées ou les minorités sont victimes de violences sexuelles et sexistes
"Cet amendement crée également une interdiction temporaire de sortie du territoire, pour éviter que ces mutilations ne soient pratiquées à l’étranger",Droite Traditionnelle,Les Républicains,2018-05-16,NEUTRE,0,0.5567818284034729,"la déclaration est neutre, administrative ou évoque l'immigration sans l'accuser ni la victimiser"
"Les violences envers les femmes ne connaissent aucune frontière, elles traversent toutes les classes sociales et tous les milieux culturels",Gauche Radicale,La France Insoumise,2018-05-16,ACCUSATEUR,1,0.497892826795578,l'immigration ou la culture étrangère est la cause des violences sexuelles et sexistes
Le récent viol d’une personne âgée par un mineur de seize ans est une abomination qui doit entraîner l’expulsion du mineur étranger dès qu’il aura été jugé,Extrême Droite,Front National,2018-05-16,VICTIME,-1,0.6186320781707764,les personnes immigrées ou les minorités sont victimes de violences sexuelles et sexistes
"Par cet amendement, nous proposons d’expulser systématiquement tout étranger coupable d’une agression sexuelle",Extrême Droite,Front National,2018-05-16,NEUTRE,0,0.45433053374290466,"la déclaration est neutre, administrative ou évoque l'immigration sans l'accuser ni la victimiser"
"Lorsque les auteurs de telles violences sont étrangers, il faut les expulser de notre territoire : par leurs actes, par leur mépris pour les lois les plus élémentaires, ils montrent en effet leur volonté de ne pas s’intégrer en France",Extrême Droite,Front National,2018-05-16,NEUTRE,0,0.40010982751846313,"la déclaration est neutre, administrative ou évoque l'immigration sans l'accuser ni la victimiser"
"Nous proposons d’exclure, par principe, de la liste des pays sûrs au sens du code de l’entrée et du séjour des étrangers et du droit d’asile – CESEDA – des pays qui pratiquent des discriminations fondées sur l’orientation sexuelle ou l’identité de genre",Gauche Modérée,Parti socialiste,2018-07-26,ACCUSATEUR,1,0.7197211980819702,l'immigration ou la culture étrangère est la cause des violences sexuelles et sexistes
"Ces travaux pourront également prendre la forme d’enquêtes de victimation et de recherches, notamment épidémiologiques, sur les violences sexuelles sur mineurs, en complément des travaux existants, qui sont de plus en plus nombreux à l’étranger comme en France",Centre,La République en Marche,2021-02-18,VICTIME,-1,0.49575313925743103,les personnes immigrées ou les minorités sont victimes de violences sexuelles et sexistes
"Nous sommes, bien entendu, marqués par leur situation en Irak et en Syrie, où ils ont subi de terribles exactions de la part de l’État islamique : assassinats, viols, esclavage sexuel, tortures, destruction des maisons et des églises",Droite Traditionnelle,Les Républicains,2021-05-25,VICTIME,-1,0.7418186664581299,les personnes immigrées ou les minorités sont victimes de violences sexuelles et sexistes
"Outre qu’il remédierait aux insuffisances de la procédure prioritaire régulièrement dénoncées et à la violation constatée du droit à un recours effectif qu’elle constitue, cet amendement rendrait caduque la notion de « pays d’origine sûr », qui introduit une discrimination entre les réfugiés",Gauche Radicale,La France Insoumise,2017-12-07,ACCUSATEUR,1,0.4892648458480835,l'immigration ou la culture étrangère est la cause des violences sexuelles et sexistes
"Cette autre demande de rapport, dont j’espère qu’elle ne sera pas rejetée par principe, concerne les accords passés entre l’Union européenne et la Libye pour la cogestion des flux migratoires et ses liens directs et indirects avec l’esclavagisme et l’exploitation sexuelle dont sont victimes des migrants en Libye",Gauche Radicale,La France Insoumise,2017-12-07,ACCUSATEUR,1,0.5362664461135864,l'immigration ou la culture étrangère est la cause des violences sexuelles et sexistes
Les immigrés sont les victimes d’un ordre économique et géopolitique,Gauche Radicale,La France Insoumise,2019-10-07,NEUTRE,0,0.5843779444694519,"la déclaration est neutre, administrative ou évoque l'immigration sans l'accuser ni la victimiser"
"Nous proposerons enfin la dissolution de tous les mouvements qui se réclament du salafisme et de l’islamisme radical, ainsi que des associations qui prônent la haine, la violence et la discrimination à l’encontre des femmes",Droite Traditionnelle,Les Républicains,2017-07-04,VICTIME,-1,0.4875251054763794,les personnes immigrées ou les minorités sont victimes de violences sexuelles et sexistes
"Toutefois, le combat est loin d’être terminé, en particulier concernant la rétention administrative des enfants, la prise en charge de l’enfance en danger, la prévention des violences, en France, mais aussi, par sa voix, au-delà de ses frontières",Centre,La République en Marche,2019-11-19,NEUTRE,0,0.45373043417930603,"la déclaration est neutre, administrative ou évoque l'immigration sans l'accuser ni la victimiser"
"Et je reprends à notre compte l’engagement du candidat Emmanuel Macron qui, devant les Français, appelait en 2017 à reconnaître l’existence des enfants nés d’une GPA à l’étranger vivant en France et à leur donner un statut juridique car ils ne peuvent pas être des victimes",Centre,La République en Marche,2021-06-07,NEUTRE,0,0.4106574058532715,"la déclaration est neutre, administrative ou évoque l'immigration sans l'accuser ni la victimiser"
"Dans son plan de lutte contre le harcèlement à l’école, présenté en juin dernier, le ministère de l’éducation nationale s’est engagé à former l’ensemble des acteurs de la communauté éducative à la prévention du harcèlement scolaire et à la lutte contre les violences sexistes et la haine en ligne",Centre,La République en Marche,2019-10-29,ACCUSATEUR,1,0.4654693007469177,l'immigration ou la culture étrangère est la cause des violences sexuelles et sexistes
"J’indiquais tout à l’heure que, faute d’une formation suffisante, les personnels de la communauté éducative se trouvaient souvent démunis pour prévenir ce type de phénomène ou désamorcer des situations de harcèlement",Centre,La République en Marche,2019-10-29,ACCUSATEUR,1,0.36000770330429077,l'immigration ou la culture étrangère est la cause des violences sexuelles et sexistes
"Ces détenus étrangers, accueillis en France avec beaucoup de générosité comme toujours, ont gravement violé les lois de la République et doivent être expulsés du territoire pour effectuer leur peine d’emprisonnement dans leur pays d’origine",Droite Traditionnelle,Les Républicains,2018-12-03,ACCUSATEUR,1,0.3648270070552826,l'immigration ou la culture étrangère est la cause des violences sexuelles et sexistes
"Je trouve que ce débat, faisant suite à celui que nous avons eu hier soir, est très intéressant : nous avions d’abord évoqué, à propos de l’article 1er, le respect mutuel dans la communauté éducative, puis avions débattu des deux amendements proposés par Éric Ciotti, l’un sur l’assiduité scolaire, l’autre sur les violences scolaires",Droite Traditionnelle,Les Républicains,2019-02-12,VICTIME,-1,0.430586576461792,les personnes immigrées ou les minorités sont victimes de violences sexuelles et sexistes
"En effet, comme le rappelle le Haut-Commissariat des Nations unies pour les réfugiés – HCR – : « il est essentiel que l’évaluation des demandes fondées sur l’orientation sexuelle et l’identité de genre soit menée avec sensibilité et de manière adéquate par des décisionnaires spécifiquement formés quant à ces problématiques",Centre,En marche !,2018-04-19,VICTIME,-1,0.56178879737854,les personnes immigrées ou les minorités sont victimes de violences sexuelles et sexistes
"En effet, les pratiques, souvent rituelles, de certaines communautés peuvent avoir comme fondement des mutilations sexuelles, à l’initiative de l’un ou des deux parents",Droite Traditionnelle,Les Républicains,2019-10-10,VICTIME,-1,0.525178074836731,les personnes immigrées ou les minorités sont victimes de violences sexuelles et sexistes
"Cet amendement, sur lequel j’ai travaillé avec des acteurs locaux du Val-d’Oise, dont le centre d’information sur les droits des femmes et des familles ainsi que d’autres acteurs particulièrement mobilisés autour de cette question et dont je tiens à saluer l’engagement – en particulier la Maison des femmes d’Argenteuil, Du côté des femmes, Femmes solidaires ou l’Association des travailleurs maghrébins de France – nous permet de proposer des avancées concrètes pour les femmes victimes de violences",Centre,La République en Marche,2019-10-10,VICTIME,-1,0.5623677372932434,les personnes immigrées ou les minorités sont victimes de violences sexuelles et sexistes
"L’Observatoire national des violences faites aux femmes notait ainsi, en 2014, que 4 % des femmes immigrées vivant en France et 2 % des filles d’immigrés nées en France, âgées de 26 à 50 ans, ont subi un mariage non consenti",Droite Traditionnelle,Les Républicains,2018-05-16,VICTIME,-1,0.723793089389801,les personnes immigrées ou les minorités sont victimes de violences sexuelles et sexistes
"Si une jeune fille demande l’asile en France après avoir subi des violences de la part d’un oncle ou d’un cousin, obtiendra-t-elle le statut de réfugiée de plein droit",Extrême Droite,Front National,2018-04-22,NEUTRE,0,0.3920052647590637,"la déclaration est neutre, administrative ou évoque l'immigration sans l'accuser ni la victimiser"
Mais combien de Mila inconnues ont besoin de notre soutien face à la violence de l’islam radical,Droite Traditionnelle,Les Républicains,2021-06-28,NEUTRE,0,0.39752092957496643,"la déclaration est neutre, administrative ou évoque l'immigration sans l'accuser ni la victimiser"
"J’ai bien compris tout ce qui a été évoqué au sujet des mineurs étrangers, mais je m’interroge sur les jeunes filles, par exemple, qui sortent des réseaux de prostitution, qu’on pourrait placer pour les aider et qui ne feraient plus l’objet de l’obligation de cet accompagnement",Centre,La République en Marche,2019-05-07,VICTIME,-1,0.48451894521713257,les personnes immigrées ou les minorités sont victimes de violences sexuelles et sexistes
"C’est là un changement profond de la notion même de harcèlement scolaire, qui n’a fait l’objet d’aucune discussion préalable avec la communauté éducative, syndicats enseignants, personnels ou parents d’élèves",Gauche Radicale,La France Insoumise,2021-12-01,NEUTRE,0,0.5953195691108704,"la déclaration est neutre, administrative ou évoque l'immigration sans l'accuser ni la victimiser"
"N’oublions pas, cependant, que le harcèlement dit beaucoup du climat scolaire dans son ensemble et qu’il concerne donc toute la communauté éducative",Gauche Modérée,Parti socialiste,2021-12-01,VICTIME,-1,0.46338534355163574,les personnes immigrées ou les minorités sont victimes de violences sexuelles et sexistes
"C’est pourquoi la lutte contre le harcèlement passe par le rétablissement du climat scolaire, qui est parfois dégradé, en reconsidérant les enseignants, en améliorant les conditions dans lesquelles les élèves grandissent, en imaginant dès l’école primaire des actions de sensibilisation plus en lien avec le collège, en donnant à la communauté éducative des moyens à la hauteur de son investissement",Gauche Modérée,Parti socialiste,2021-12-01,VICTIME,-1,0.48520419001579285,les personnes immigrées ou les minorités sont victimes de violences sexuelles et sexistes
"Les associations spécialisées dans la lutte contre les discriminations ou le harcèlement scolaire complètent par leur action celle des services de l’État et disposent d’une expertise indispensable pour accueillir la parole des intéressés, apporter les bonnes réponses, lorsque la communauté éducative se retrouve démunie",Centre,La République en Marche,2021-12-01,VICTIME,-1,0.45616239309310913,les personnes immigrées ou les minorités sont victimes de violences sexuelles et sexistes
"Tout d’abord, le harcèlement peut être le fait non seulement des pairs, des camarades, mais aussi d’adultes appartenant à la communauté éducative : or, dans ce dernier cas, des dispositifs existent déjà",Gauche Radicale,La France Insoumise,2021-12-01,ACCUSATEUR,1,0.43976491689682007,l'immigration ou la culture étrangère est la cause des violences sexuelles et sexistes
"Comme je l’ai souligné tout à l’heure, les élèves en situation de handicap sont particulièrement concernés par le harcèlement et doivent être mieux protégés par la communauté éducative",Centre,La République en Marche,2021-12-01,ACCUSATEUR,1,0.44049936532974243,l'immigration ou la culture étrangère est la cause des violences sexuelles et sexistes
La concertation autour de la lutte contre le harcèlement doit permettre d’instaurer un dialogue de confiance entre les familles et la communauté éducative,Centre,La République en Marche,2021-12-01,VICTIME,-1,0.43389034271240234,les personnes immigrées ou les minorités sont victimes de violences sexuelles et sexistes
"L’amendement propose également d’associer les représentants des élèves, ce qui permettrait à la communauté éducative de bénéficier de leur vision des situations de harcèlement",Centre,La République en Marche,2021-12-01,VICTIME,-1,0.4497475028038025,les personnes immigrées ou les minorités sont victimes de violences sexuelles et sexistes
"Nous souhaitons préciser que les représentants de la communauté éducative peuvent s’appuyer, pour l’élaboration des lignes directrices et des procédures visant à lutter contre le harcèlement, ainsi que pour délivrer une information aux parents d’élèves sur les risques liés au harcèlement scolaire et au cyberharcèlement, sur l’expertise des associations spécialisées en la matière",Centre,La République en Marche,2021-12-01,ACCUSATEUR,1,0.45006895065307617,l'immigration ou la culture étrangère est la cause des violences sexuelles et sexistes
"Monsieur le ministre, il faudra, bien sûr, mieux former et sensibiliser la communauté éducative et la médecine scolaire pour prévenir le harcèlement scolaire, mais cela implique dès aujourd’hui d’investir pour leur donner davantage de moyens",Gauche Modérée,Parti radical de gauche,2021-12-01,VICTIME,-1,0.4421767592430115,les personnes immigrées ou les minorités sont victimes de violences sexuelles et sexistes
"Nous avons constaté l’ampleur du phénomène du harcèlement scolaire dans notre société, phénomène dont le confinement a révélé qu’il ne s’arrêtait pas aux frontières de l’école",Centre,La République en Marche,2021-12-01,VICTIME,-1,0.45753929018974304,les personnes immigrées ou les minorités sont victimes de violences sexuelles et sexistes
"Je sais que cette préoccupation est largement partagée sur ces bancs, et je me réjouis de l’adoption par la commission des lois d’amendements qui visent à mieux protéger les femmes migrantes victimes de violences conjugales, à exclure de la liste des pays d’origine sûrs ceux qui pénalisent ou criminalisent l’homosexualité, à examiner la situation personnelle et la vulnérabilité des personnes, notamment en situation de handicap, avant tout placement en rétention ou lors d’un refus d’entrée en France",Centre,En marche !,2018-04-16,VICTIME,-1,0.884425163269043,les personnes immigrées ou les minorités sont victimes de violences sexuelles et sexistes
"Toujours plus exposées à toutes les étapes de leur trajet, aux violences, physiques et surtout sexuelles, à l’exploitation, au harcèlement, elles représentent plus de 50 % de la population immigrée dans notre pays et plus de 40 % des personnes placées sous la protection de l’OFPRA",Centre,En marche !,2018-04-16,VICTIME,-1,0.9341679811477661,les personnes immigrées ou les minorités sont victimes de violences sexuelles et sexistes
"Nous soulignons la nécessité de la prise en compte des persécutions liées au genre, des femmes menacées ou victimes de mutilations ou en péril de traite d’êtres humains, de mariage forcé ou de prostitution, mais aussi des communautés LGBT persécutées dans leur pays d’origine",Centre,En marche !,2018-04-16,VICTIME,-1,0.9822264909744263,les personnes immigrées ou les minorités sont victimes de violences sexuelles et sexistes
"par exemple, chaque migrant ayant transité par la Libye a été victime de viol, parfois de torture, voire d’esclavagisme",Centre,En marche !,2018-04-16,VICTIME,-1,0.8570895791053772,les personnes immigrées ou les minorités sont victimes de violences sexuelles et sexistes
"En Libye, les sévices sexuels et les tortures sont des pratiques quasi-systématiques infligées aux migrantes",Centre,En marche !,2018-04-16,VICTIME,-1,0.9068161845207214,les personnes immigrées ou les minorités sont victimes de violences sexuelles et sexistes
"La violence caractérisant de tels parcours migratoires provoque de lourds traumatismes, qui accentuent encore davantage la vulnérabilité des femmes migrantes",Centre,En marche !,2018-04-16,ACCUSATEUR,1,0.5712926387786865,l'immigration ou la culture étrangère est la cause des violences sexuelles et sexistes
"De nombreux rapports parlementaires, ainsi que de la Commission nationale consultative des droits de l’homme montrent que les discriminations, les agressions et les violences contre les communautés LGBT sont plus manifestes dans les territoires ultramarins et que le tissu associatif d’aide aux personnes victimes d’actes homophobes y est moins dense",Droite Traditionnelle,Les Républicains,2019-11-06,VICTIME,-1,0.8115311861038208,les personnes immigrées ou les minorités sont victimes de violences sexuelles et sexistes
"elle doit protéger ses frontières et mener un véritable combat contre ceux qui prostituent, qui profitent, qui violent et qui exploitent les migrants",Droite Traditionnelle,Les Républicains,2018-04-22,VICTIME,-1,0.8123922944068909,les personnes immigrées ou les minorités sont victimes de violences sexuelles et sexistes
sont commises dans des circonstances qui exposent directement les étrangers à un risque immédiat de mort ou de blessures de nature à entraîner une mutilation ou une infirmité permanente,Droite Traditionnelle,Les Républicains,2018-04-22,ACCUSATEUR,1,0.41083285212516785,l'immigration ou la culture étrangère est la cause des violences sexuelles et sexistes
"On peut effectivement s’interroger sur la finitude, mais je préfère m’attacher à la réalité du quotidien des femmes en couple homosexuel et des femmes seules qui, aujourd’hui, pour mener leur projet parental, sont contraintes soit d’aller à l’étranger, ce qui suppose des moyens – d’où une discrimination par l’argent – soit d’avoir des relations sexuelles avec un homme, puisqu’en effet des gamètes sont nécessaires – revoilà l’idée de finitude",Centre,La République en Marche,2019-09-27,VICTIME,-1,0.5146728157997131,les personnes immigrées ou les minorités sont victimes de violences sexuelles et sexistes
"Si certaines des disposition de ce texte ont, je tiens à le dire avec netteté, la faveur de notre groupe, comme celles relatives au respect de la laïcité, chérie et en effet attaquée, à la neutralité du service public ou à la protection fonctionnelle des agents, si nous souscrivons à l’idée de mieux contrôler les financements étrangers des associations cultuelles et le fonctionnement des établissements hors contrat, si nous réprouvons sans réserve les violences faites aux femmes, des actes qui n’ont pas leur place dans notre république – en l’espèce les certificats de virginité, les mariages forcés, la polygamie –, je dois aussi vous dire dans quelle profonde circonspection nous plonge ce projet de loi",Gauche Modérée,Parti socialiste,2021-02-01,ACCUSATEUR,1,0.6611190438270569,l'immigration ou la culture étrangère est la cause des violences sexuelles et sexistes
"Sur la lutte contre les discriminations, pas un mot, alors que tant de nos compatriotes les subissent au quotidien lorsqu’ils cherchent un appartement ou un emploi avec cette réalité d’une violence inouïe : plus nos concitoyens de confession musulmane sont intégrés, plus la discrimination est forte pour eux",Gauche Modérée,Parti socialiste,2021-02-01,ACCUSATEUR,1,0.48425599932670593,l'immigration ou la culture étrangère est la cause des violences sexuelles et sexistes
"En effet, on ne peut pas prétendre protéger les petites filles qui, à l’étranger, sont menacées de cette mutilation barbare quand on ne dispose même pas, au sujet de celles qui vivent dans notre pays –qu’elles soient ou non de nationalité française –, des informations propres à éclairer la représentation nationale",Droite Traditionnelle,Les Républicains,2018-04-19,ACCUSATEUR,1,0.6421226859092712,l'immigration ou la culture étrangère est la cause des violences sexuelles et sexistes
"Avant de défendre cet amendement, je souhaiterais rappeler à Mme Boyer que nous discutons d’un texte relatif à l’immigration, au droit d’asile et à l’intégration, et non pas du projet de loi renforçant la lutte contre les violences sexuelles et sexistes",Centre,En marche !,2018-04-19,VICTIME,-1,0.440716952085495,les personnes immigrées ou les minorités sont victimes de violences sexuelles et sexistes
"On l’a dit et on le redit, dans le monde, plus de 200 millions de femmes sont victimes d’excision ou d’infibulation, ces exactions étant concentrées dans une trentaine de pays, principalement africains, mais pas seulement",Extrême Droite,Front National,2018-04-19,VICTIME,-1,0.8708295822143555,les personnes immigrées ou les minorités sont victimes de violences sexuelles et sexistes
"Notre droit d’asile doit prendre en compte dès maintenant cette réalité, en reconnaissant le statut de réfugié aux femmes persécutées ou menacées sur le seul motif de leur appartenance sexuelle, et donc ne plus considérer que ces persécutions sont de l’ordre du litige privé, comme cela est trop souvent le cas",Gauche Radicale,Parti communiste français,2018-04-20,VICTIME,-1,0.4984223544597626,les personnes immigrées ou les minorités sont victimes de violences sexuelles et sexistes
"Ces tortures et ces traitements inhumains et dégradants, comme l’enfermement, la réduction en esclavage et la prostitution forcée, peuvent être directement ou indirectement causés par le refus de l’Union européenne ou de la France d’agir contre ces violences graves faites aux populations migrantes",Gauche Radicale,La France Insoumise,2018-04-20,ACCUSATEUR,1,0.9366087317466736,l'immigration ou la culture étrangère est la cause des violences sexuelles et sexistes
"Les liens entre l’Union européenne et la Libye ne sont pas neutres : ils montrent l’existence d’une véritable cogestion avec un pays qui ne respecte pas les droits fondamentaux des migrants, et ils impliquent que l’Union européenne soutienne que des migrants soient bloqués en Libye alors qu’ils peuvent y être victimes des traitements les plus inhumains et dégradants que l’on puisse imaginer",Gauche Radicale,La France Insoumise,2018-04-20,VICTIME,-1,0.4364332854747772,les personnes immigrées ou les minorités sont victimes de violences sexuelles et sexistes
Je pense ici à la vidéo d’une agression par arme à feu envers des migrants qu’un élu Rassemblement national a partagée sur les réseaux sociaux,Gauche Radicale,Parti communiste français,2022-01-07,VICTIME,-1,0.4689314365386963,les personnes immigrées ou les minorités sont victimes de violences sexuelles et sexistes
"…protection insuffisante des personnes persécutées en raison de leur orientation sexuelle dans des pays considérés comme sûrs, sanction excessive des actes de solidarité et intégration des étrangers imparfaite, en particulier en matière d’apprentissage de la langue et de l’insertion professionnelle",Centre,En marche !,2018-07-25,ACCUSATEUR,1,0.7689468264579773,l'immigration ou la culture étrangère est la cause des violences sexuelles et sexistes
"Comment ce texte peut-il être accusé d’inhumanité alors qu’il renforce la protection des apatrides, des bénéficiaires de la protection subsidiaire, des mineurs réfugiés et des jeunes filles menacées d’excision ainsi que des femmes victimes de violences conjugales",Centre,En marche !,2018-07-25,VICTIME,-1,0.9519640803337097,les personnes immigrées ou les minorités sont victimes de violences sexuelles et sexistes
"Mais la France pourrait, de façon ambitieuse, en s’inspirant de la législation de l’Angleterre et du Pays de Galles, surprendre la communauté internationale en l’étendant aux crimes et délits sexuels sur personne mineure",Centre,En marche !,2018-05-15,VICTIME,-1,0.44588789343833923,les personnes immigrées ou les minorités sont victimes de violences sexuelles et sexistes
"À cet instant, je veux partager avec vous une pensée pour les victimes de l’émigration clandestine, en particulier pour les 140 personnes au moins qui ont perdu la vie en mer en quittant le Sénégal, il y a environ un mois",Gauche Radicale,La France Insoumise,2020-12-10,NEUTRE,0,0.4463135302066803,"la déclaration est neutre, administrative ou évoque l'immigration sans l'accuser ni la victimiser"
"Nous proposons, disais-je, que le Gouvernement fournisse au Parlement un rapport sur les conséquences sociales et sanitaires de la crise de covid-19 sur des publics particulièrement vulnérables que sont notamment les réfugiés, les demandeurs et demandeuses d’asile, les migrants détenus dans des centres de rétention administrative, les femmes et les enfants victimes de violences intrafamiliales, les personnes LGBTQI – lesbiennes, gays, bisexuels, trans, queers et intersexes – et les personnes détenues dans les établissements pénitentiaires",Gauche Radicale,La France Insoumise,2020-10-24,VICTIME,-1,0.9432317018508911,les personnes immigrées ou les minorités sont victimes de violences sexuelles et sexistes
"Et le mot « liberticide » est encore faible pour qualifier ces mesures d’éloignement, qui contraignent les étrangers à regagner leurs pays, sans prise en compte de ce qui les attend à leur retour, à savoir la misère économique, la guerre, la mutilation sexuelle et le travail forcé",Gauche Radicale,La France Insoumise,2018-04-20,ACCUSATEUR,1,0.8774508833885193,l'immigration ou la culture étrangère est la cause des violences sexuelles et sexistes
"Depuis la loi [de 2006], les mutilations sexuelles commises à l’étranger sur une victime mineure résidant habituellement sur le territoire français […] sont réprimées par la loi pénale française […]",Centre,En marche !,2018-04-18,VICTIME,-1,0.4985993802547455,les personnes immigrées ou les minorités sont victimes de violences sexuelles et sexistes
"Nous proposerons enfin la dissolution de tous les mouvements qui se réclament du salafisme et de l’islamisme radical, ainsi que des associations qui prônent la haine, la violence et la discrimination à l’encontre des femmes",Droite Traditionnelle,Les Républicains,2017-07-04,VICTIME,-1,0.4875251054763794,les personnes immigrées ou les minorités sont victimes de violences sexuelles et sexistes
"Je propose de supprimer l’article 12 A, parce qu’il ne faut pas abréger le délai de séparation requis pour constater la cessation de la communauté de vie entre les époux, dans le cas du divorce pour altération définitive du lien conjugal",Droite Traditionnelle,Les Républicains,2018-11-22,NEUTRE,0,0.36047497391700745,"la déclaration est neutre, administrative ou évoque l'immigration sans l'accuser ni la victimiser"
"Actuellement, l’altération définitive du lien conjugal résulte de la cessation volontaire de la communauté de vie entre les époux lorsqu’ils vivent séparés depuis au moins deux ans",Extrême Droite,Front National,2018-11-22,VICTIME,-1,0.45657777786254883,les personnes immigrées ou les minorités sont victimes de violences sexuelles et sexistes
"Si on met en place ces mesures, c’est qu’à un moment donné les parents, les professeurs et toute la communauté éducative sont assez dépourvus et ne savent pas quoi faire en cas de situation de harcèlement scolaire",Centre,La République en Marche,2022-02-10,VICTIME,-1,0.47645360231399536,les personnes immigrées ou les minorités sont victimes de violences sexuelles et sexistes
"Il faut évidemment porter une attention particulière aux migrants persécutés, fragilisés ou vulnérables, victimes de la guerre, du terrorisme ou de la prostitution internationale organisée",Droite Traditionnelle,Les Républicains,2018-04-17,VICTIME,-1,0.7095432877540588,les personnes immigrées ou les minorités sont victimes de violences sexuelles et sexistes
"Enfin, les crimes sexuels des Français commis à l’étranger ne sont-ils pas passibles de peines en France",Droite Traditionnelle,Les Républicains,2021-06-09,NEUTRE,0,0.8391988277435303,"la déclaration est neutre, administrative ou évoque l'immigration sans l'accuser ni la victimiser"
"Le 18 avril, viol d’une Calaisienne par un migrant en situation irrégulière",Droite Traditionnelle,Les Républicains,2020-05-08,VICTIME,-1,0.7541987895965576,les personnes immigrées ou les minorités sont victimes de violences sexuelles et sexistes
"En refusant de rendre obligatoire le confinement des migrants en situation irrégulière, le Gouvernement auquel vous appartenez a exposé les Calaisiens, les forces de l’ordre et les migrants eux-mêmes à une violence sans précédent et au virus",Droite Traditionnelle,Les Républicains,2020-05-08,NEUTRE,0,0.527707576751709,"la déclaration est neutre, administrative ou évoque l'immigration sans l'accuser ni la victimiser"
"Mais il est de la responsabilité de l’État de lutter contre ces groupuscules qui prolifèrent, répandent partout la haine des autres, la violence, foulent aux pieds les principes de la République, bafouent ses lois, méprisent les règles de la démocratie, assument impunément ce qui est le monopole de l’État, à savoir le contrôle aux frontières",Gauche Radicale,La France Insoumise,2018-06-21,ACCUSATEUR,1,0.4952903687953949,l'immigration ou la culture étrangère est la cause des violences sexuelles et sexistes
La période de confinement que notre pays vient de traverser a révélé de façon criante une réalité dont nous avions conscience depuis longtemps : la violence ne s’arrête plus aux frontières physiques,Centre,La République en Marche,2020-05-13,VICTIME,-1,0.4987894296646118,les personnes immigrées ou les minorités sont victimes de violences sexuelles et sexistes
"314-5 du code de l’entrée et du séjour des étrangers et du droit d’asile comporte déjà une disposition faisant obstacle à la délivrance d’une carte de résident à l’étranger qui a été condamné pour violences ou complicité de violences sur un mineur de moins de quinze ans, ce qui inclut la mutilation sexuelle",Centre,La République en Marche,2021-02-08,ACCUSATEUR,1,0.6519024968147278,l'immigration ou la culture étrangère est la cause des violences sexuelles et sexistes
"C’est ensuite que nous insérons le fameux morceau de phrase relatif à la polygamie : « Toutefois, lorsque l’étranger a subi des violences familiales ou conjugales » – ou a été victime de pratique de polygamie, selon les termes de l’article 14 – « et que la communauté de vie a été rompue » – il s’agit bien d’une personne qui a quitté son foyer parce qu’elle a été victime –, « l’autorité administrative ne peut procéder au retrait du titre de séjour de l’étranger » – j’insiste, c’est bien qu’il en avait un –…",Centre,La République en Marche,2021-02-08,ACCUSATEUR,1,0.6321581602096558,l'immigration ou la culture étrangère est la cause des violences sexuelles et sexistes
"Ayez bien à l’esprit la disposition que nous modifions : il s’agit de femmes de conjoints français, dont la communauté de vie a été rompue et qui sont victimes soit de violences conjugales, soit de polygamie,…",Centre,La République en Marche,2021-02-08,VICTIME,-1,0.4998966157436371,les personnes immigrées ou les minorités sont victimes de violences sexuelles et sexistes
"Enfin, parce que la violence n’est jamais voulue mais toujours subie, la séparation du couple et la fin de la communauté de vie de ses membres ne sauraient permettre la déchéance du titre de séjour dont bénéficie l’étranger victime",Droite Traditionnelle,Les Républicains,2020-07-16,ACCUSATEUR,1,0.7581078410148621,l'immigration ou la culture étrangère est la cause des violences sexuelles et sexistes
"Sont concernés les associations et groupements de fait qui provoquent à des manifestations armées dans la rue, qui présentent le caractère de groupes de combat ou de milices privées, qui ont pour but de porter atteinte à l’intégrité du territoire national ou d’attenter par la force à la forme républicaine du Gouvernement, les associations qui propagent des idées ou des théories tendant à justifier ou à encourager la discrimination, la haine ou la violence, ou qui se livrent, sur le territoire français ou à partir de celui-ci, à des agissements en vue de provoquer des actes de terrorisme en France ou à l’étranger",Gauche Modérée,Parti socialiste,2017-07-25,ACCUSATEUR,1,0.4722476005554199,l'immigration ou la culture étrangère est la cause des violences sexuelles et sexistes
"Monsieur le secrétaire d’État chargé de l’enfance et des familles, en cette veille de la journée de l’abolition des abus sexuels contre les enfants, et des trente et un ans de la CIDE, je voudrais rappeler que, dans le monde, 230 millions d’enfants n’ont pas de certificat de naissance, que 155 millions d’enfants de moins de 5 ans ne mangent pas à  leur faim et que trop d’enfants sont victimes de conflits, à l’instar des 24 000 enfants réfugiés qui ont dû fuir le Haut-Karabagh ces dernières semaines",Centre,La République en Marche,2020-11-17,VICTIME,-1,0.9037699103355408,les personnes immigrées ou les minorités sont victimes de violences sexuelles et sexistes
"Cet amendement vise à consacrer des garanties procédurales nécessaires eu égard à la situation particulière des migrants et migrantes LGBTI – lesbiennes, gays, bisexuels et transgenres, intersexes – persécutés pour leur identité ou pour leur orientation sexuelle",Gauche Radicale,La France Insoumise,2018-04-19,VICTIME,-1,0.9233534932136536,les personnes immigrées ou les minorités sont victimes de violences sexuelles et sexistes
"De nombreux migrants et migrantes LGBT ne mettent pas en avant leur orientation sexuelle pour solliciter une demande d’asile ou, le cas échéant, une protection subsidiaire",Gauche Radicale,La France Insoumise,2018-04-19,NEUTRE,0,0.9425990581512451,"la déclaration est neutre, administrative ou évoque l'immigration sans l'accuser ni la victimiser"
"En effet, outre l’invisibilité des personnes migrantes LGBT, cette catégorie de personnes éprouve des difficultés à évoquer sa sexualité, ayant souvent pour réflexe de garder leur orientation sexuelle secrète, y compris à l’occasion des entretiens avec l’OFPRA ou d’une audience auprès de la Cour nationale du droit d’asile – CNDA",Gauche Radicale,La France Insoumise,2018-04-19,VICTIME,-1,0.6934661269187927,les personnes immigrées ou les minorités sont victimes de violences sexuelles et sexistes
Cet amendement vise à garantir la reconnaissance des jeunes migrants LGBT qui sont persécutés pour leur identité ou leur orientation sexuelle,Gauche Modérée,Parti radical de gauche,2018-04-19,VICTIME,-1,0.8735647201538086,les personnes immigrées ou les minorités sont victimes de violences sexuelles et sexistes
"c’est ainsi qu’on a pu inventer un terme aussi dégueulasse que celui de « beurette » pour désigner les petites Arabes des quartiers et en faire un objet de fantasmes sexuels – dans le monde LGBT, il y a, pour désigner les hommes, je le sais très bien, le terme de « rebeu »",Gauche Radicale,La France Insoumise,2023-10-05,VICTIME,-1,0.8579615354537964,les personnes immigrées ou les minorités sont victimes de violences sexuelles et sexistes
"Les droits sexuels et reproductifs sont la condition de possibilité de notre communauté politique, et relèvent de l’égalité et de la citoyenneté",Gauche Radicale,La France Insoumise,2022-11-24,NEUTRE,0,0.5255811214447021,"la déclaration est neutre, administrative ou évoque l'immigration sans l'accuser ni la victimiser"
"En effet, les droits sexuels et reproductifs – en l’occurrence, ceux des femmes – sont aussi une question majeure d’égalité et de citoyenneté, et sont la condition même de la reproduction d’une communauté politique",Gauche Radicale,La France Insoumise,2022-11-24,VICTIME,-1,0.4389285147190094,les personnes immigrées ou les minorités sont victimes de violences sexuelles et sexistes
Mais nous envoyons également un message fort hors de nos frontières et dans le monde : nul ne devrait subir de persécutions en raison de son orientation sexuelle,Centre,Ensemble,2024-03-06,NEUTRE,0,0.9272492527961731,"la déclaration est neutre, administrative ou évoque l'immigration sans l'accuser ni la victimiser"
"Sur les réseaux sociaux, le harcèlement islamiste se développe",Extrême Droite,Rassemblement national,2023-04-05,ACCUSATEUR,1,0.4022374749183655,l'immigration ou la culture étrangère est la cause des violences sexuelles et sexistes
"Ensuite, en ce qui concerne les violences faites aux femmes et les droits de la communauté LGBT, la Convention du Conseil de l’Europe sur la prévention et la lutte contre la violence à l’égard des femmes et la violence domestique, dite convention d’Istanbul, pourrait être signée d’ici à 2025, et l’homosexualité n’est plus réprimée au Kazakhstan depuis 1998",Centre,Ensemble,2023-12-13,VICTIME,-1,0.8043619990348816,les personnes immigrées ou les minorités sont victimes de violences sexuelles et sexistes
"Par ailleurs, il me semble aussi tout à fait normal de prononcer une peine d’interdiction du territoire français à l’égard d’un étranger qui a agressé un élu – on parle de faits de violence",Extrême Droite,Rassemblement national,2024-02-06,VICTIME,-1,0.3494509756565094,les personnes immigrées ou les minorités sont victimes de violences sexuelles et sexistes
"Les moyens engagés et que vous avez rappelés, madame la ministre déléguée, visant à s’assurer que l’argent des Français à destination de l’aide au développement ne finance pas l’islamisme, l’incitation à la haine et à la violence, la provocation à la haine raciale et l’antisémitisme, ne sont, selon toute vraisemblance, pas suffisants",Centre,Ensemble,2024-01-16,ACCUSATEUR,1,0.47629091143608093,l'immigration ou la culture étrangère est la cause des violences sexuelles et sexistes
Je voudrais y ajouter les « violences liées à une immigration non maîtrisée » car ces dernières semaines ont été très denses en crimes liés notamment à des obligations de quitter le territoire français (OQTF) non exécutées,Extrême Droite,Rassemblement national,2022-11-17,ACCUSATEUR,1,0.3943112790584564,l'immigration ou la culture étrangère est la cause des violences sexuelles et sexistes
"Le 11 octobre 2022, un migrant sous le coup d’une OQTF est interpellé et mis en prison car il est suspecté d’avoir violemment agressé un homme à Brest fin juillet 2022",Extrême Droite,Rassemblement national,2022-11-17,VICTIME,-1,0.40717583894729614,les personnes immigrées ou les minorités sont victimes de violences sexuelles et sexistes
"Pour ma part, je ne nie pas que des violences sexuelles puissent être commises dans tous les milieux et dans toutes les strates de la civilisation de notre pays, mais je ne nie pas non plus cette réalité-là : certaines infractions sont liées à une immigration non maîtrisée",Extrême Droite,Rassemblement national,2022-11-17,ACCUSATEUR,1,0.9600674510002136,l'immigration ou la culture étrangère est la cause des violences sexuelles et sexistes
"Pour la seule raison qu’on ne traitait pas de son obnubilation pour l’islamophobie, le triste sire Odoul a ainsi décidé de claquer la porte de la commission d’enquête, alors que nous étions en train d’auditionner les victimes de violences sexistes et sexuelles (VSS)",Gauche Radicale,La France Insoumise,2024-02-29,VICTIME,-1,0.43763425946235657,les personnes immigrées ou les minorités sont victimes de violences sexuelles et sexistes
"Pour rappel, si la population étrangère représente 7,7 % de la population totale vivant en France, 27 % des mis en cause en matière d’atteinte à la personne humaine et aux biens, et 56 % de ceux impliqués dans des vols ou violences dans les transports en commun en 2021 – chiffre qui atteint 70 % en Île-de-France – sont des étrangers",Droite Traditionnelle,Les Républicains,2022-12-01,ACCUSATEUR,1,0.43954986333847046,l'immigration ou la culture étrangère est la cause des violences sexuelles et sexistes
"En 2003, j’avais voté en faveur du renforcement de la protection accordée à des étrangers délinquants, en entravant leur expulsion : avec le recul, je le regrette sincèrement, car les faits et l’évolution de la situation montrent que cela a amplifié l’insécurité dont est victime la population – tous les chiffres le montrent",Droite Traditionnelle,Les Républicains,2022-12-01,ACCUSATEUR,1,0.36044779419898987,l'immigration ou la culture étrangère est la cause des violences sexuelles et sexistes
"Je rappelle en outre que ces protections ne s’appliquent pas aux étrangers dont le comportement peut être qualifié de terroriste ou constitue des actes de provocation explicite et délibérée à la discrimination, à la haine ou à la violence contre une personne déterminée",Gauche Modérée,Europe Écologie Les Verts,2022-12-01,ACCUSATEUR,1,0.4954068958759308,l'immigration ou la culture étrangère est la cause des violences sexuelles et sexistes
"Darmanin a lui-même précisé en juillet dernier que, depuis deux ans, 2 751 étrangers délinquants ont été expulsés, dont 770 comme responsables de trafic de stupéfiants et 900 pour violences conjugales",Extrême Droite,Rassemblement national,2022-12-01,ACCUSATEUR,1,0.3854312002658844,l'immigration ou la culture étrangère est la cause des violences sexuelles et sexistes
"Bien évidemment, les persécutions endurées par les étrangers en raison de leurs opinions politiques, de leur religion ou de leur orientation sexuelle leur garantissent un droit fondamental que la France a inspiré au monde, le droit d’asile – vous l’avez rappelé vous-même, monsieur Ciotti, et je vous en remercie",Droite Traditionnelle,Les Républicains,2023-12-07,ACCUSATEUR,1,0.7949366569519043,l'immigration ou la culture étrangère est la cause des violences sexuelles et sexistes
"Les violences n’ont pas de frontières, d’âge, de lieu, de classe sociale, de catégorie professionnelle",Gauche Modérée,Europe Écologie Les Verts,2024-05-02,NEUTRE,0,0.9655013680458069,"la déclaration est neutre, administrative ou évoque l'immigration sans l'accuser ni la victimiser"
"Que ferez-vous pour l’île de Clipperton, dans l’océan Pacifique, qui nous rapporte tant mais dont la souveraineté est constamment violée, au même titre que la ZEE qui l’entoure, par des pêcheurs étrangers, qui n’ont pas le droit d’exercer leur activité, ou des trafiquants en tout genre",Extrême Droite,Rassemblement national,2023-05-24,ACCUSATEUR,1,0.46912461519241333,l'immigration ou la culture étrangère est la cause des violences sexuelles et sexistes
"Prenons l’exemple du , la prise de drogue lors de rapports sexuels, véritable fléau dans la communauté LGBT",Gauche Radicale,La France Insoumise,2023-10-05,VICTIME,-1,0.7623714208602905,les personnes immigrées ou les minorités sont victimes de violences sexuelles et sexistes
"Si ce dévoiement est parfois difficile à détecter ou à qualifier, car la liberté de pensée et la liberté de conscience sont au cœur de nos valeurs fondamentales, une frontière est systématiquement franchie lorsque l’on parle de dérives sectaires : elles ont, pour les victimes, des conséquences physiques ou psychologiques graves",Centre,Ensemble,2024-02-13,VICTIME,-1,0.5353366136550903,les personnes immigrées ou les minorités sont victimes de violences sexuelles et sexistes
"Le 17 octobre 1961 nous dit beaucoup sur ce que nous a légué la colonisation et qui marque encore notre société : racisme, inégalités sociales, discriminations territoriales, violences policières… Nos concitoyens issus de l’immigration, habitants des quartiers et des villes populaires, sont toujours pris pour cible en raison de leur origine ou de leur religion",Gauche Radicale,La France Insoumise,2024-03-28,ACCUSATEUR,1,0.6521146297454834,l'immigration ou la culture étrangère est la cause des violences sexuelles et sexistes
"Les femmes et les travailleurs étrangers y sont sur-représentés, victimes de bas salaires, de temps partiels subis et du travail fragmenté qui alimentent la pauvreté laborieuse",Gauche Modérée,Parti socialiste,2024-02-05,VICTIME,-1,0.795348584651947,les personnes immigrées ou les minorités sont victimes de violences sexuelles et sexistes
"En gage de cette belle amitié, voici ce qu’il offre : silence total sur les liens de ce pays avec les mouvements islamistes du Moyen-Orient, des Frères musulmans au Hamas qu’il héberge, ce Hamas coupable de toutes les atrocités et de crimes sexuels de masse lors de l’attaque du 7 octobre dernier en Israël",Extrême Droite,Rassemblement national,2024-03-12,NEUTRE,0,0.8613810539245605,"la déclaration est neutre, administrative ou évoque l'immigration sans l'accuser ni la victimiser"
"Enfin, nous donnerons un titre de séjour aux sans-papiers qui dénoncent leurs conditions indignes d’hébergement, comme nous en donnons à ceux qui subissent la prostitution",Droite Traditionnelle,Les Républicains,2023-12-19,VICTIME,-1,0.4266779124736786,les personnes immigrées ou les minorités sont victimes de violences sexuelles et sexistes
"Nous assistons à une véritable flambée de l’antisémitisme : insultes, injures, menaces de mort, tags, dégradations de bâtiments, agressions physiques, tentatives d’incendie contre les portes d’appartement et cyberharcèlement rythment le quotidien de trop nombreux compatriotes de confession juive",Centre,Ensemble,2023-10-31,VICTIME,-1,0.4162307679653168,les personnes immigrées ou les minorités sont victimes de violences sexuelles et sexistes
"La tenue unique est l’expression du principe selon lequel chacun, indépendamment de son origine sociale, de sa couleur de peau, de sa religion ou de son orientation sexuelle est dépositaire des mêmes droits et des mêmes devoirs, honorant ainsi la promesse républicaine qu’une place soit accordée à tous, à l’école comme au sein de la communauté nationale",Centre,Ensemble,2023-12-12,NEUTRE,0,0.8383333086967468,"la déclaration est neutre, administrative ou évoque l'immigration sans l'accuser ni la victimiser"
"Le trait d’union que vous tentez de tracer depuis des mois entre immigration et délinquance, vous allez l’inscrire dans ce projet de loi au sujet de mineurs, de mômes utilisés par des trafiquants et des passeurs pour la prostitution et le trafic de stupéfiants",Gauche Radicale,Parti communiste français,2022-11-18,VICTIME,-1,0.7238609790802002,les personnes immigrées ou les minorités sont victimes de violences sexuelles et sexistes
"Enfin, face à l’islamisation de notre pays et aux agressions régulières subies par une partie de nos concitoyens en raison d’une orientation sexuelle réelle ou supposée, il nous faut réaffirmer qu’au fondement de notre civilisation se trouve le respect de la liberté et de la dignité de toute personne humaine",Extrême Droite,Rassemblement national,2023-12-07,ACCUSATEUR,1,0.724804162979126,l'immigration ou la culture étrangère est la cause des violences sexuelles et sexistes
"Lorsqu’il était à l’étranger, Maxime a assisté à des scènes particulièrement violentes qui le tourmenteront à jamais",Gauche Modérée,Parti socialiste,2023-02-09,VICTIME,-1,0.42572423815727234,les personnes immigrées ou les minorités sont victimes de violences sexuelles et sexistes
"Enfin, alors que les ressortissants étrangers représentent 18 % des auteurs d’homicides et 35 % des auteurs de vols violents, la très timide hausse du taux d’exécution des obligations de quitter le territoire français (OQTF) en 2022 ne nous fera pas oublier sa chute de 73 % entre 2012 et 2021",Extrême Droite,Rassemblement national,2023-10-03,NEUTRE,0,0.5181648135185242,"la déclaration est neutre, administrative ou évoque l'immigration sans l'accuser ni la victimiser"
"Curieuse précipitation quand on sait qu’il y a quelques jours seulement, vous hésitiez encore à investir dans une circonscription des Français de l’étranger un candidat condamné pour violences volontaires sur un responsable du parti socialiste",Gauche Modérée,Parti socialiste,2023-03-07,ACCUSATEUR,1,0.43080851435661316,l'immigration ou la culture étrangère est la cause des violences sexuelles et sexistes
"Il est indispensable que les communautés d’origine puissent honorer la mémoire de ceux qui, parmi elles, furent les victimes de ces actions indignes",Centre,Ensemble,2023-11-13,VICTIME,-1,0.4261781871318817,les personnes immigrées ou les minorités sont victimes de violences sexuelles et sexistes
"Les murs d’une mosquée de la Manche ont même été tagués des mots « Un bon musulman est un musulman mort » – un avis que partageait sûrement l’agresseur de Mourad, ce jeune jardinier attaqué au cutter à Villecresnes",Gauche Modérée,Europe Écologie Les Verts,2023-12-06,VICTIME,-1,0.46938085556030273,les personnes immigrées ou les minorités sont victimes de violences sexuelles et sexistes
"Ce collectif appelé Parents vigilants attaque régulièrement les enseignants et les personnels d’établissements qui dispensent des cours d’éducation sexuelle, sensibilisent sur les questions LGBT ou éveillent la conscience des élèves sur les sujets liés aux conditions de vie des migrants",Gauche Radicale,Parti communiste français,2024-01-17,VICTIME,-1,0.6778674125671387,les personnes immigrées ou les minorités sont victimes de violences sexuelles et sexistes
"Le harcèlement dont sont victimes Azzédine Taïbi et les élus de son conseil municipal n’est pas le fruit du hasard : si ce maire est visé, c’est pour son origine maghrébine, et parce qu’il est engagé dans l’antiracisme et en faveur des quartiers populaires",Gauche Radicale,La France Insoumise,2023-04-03,VICTIME,-1,0.757235586643219,les personnes immigrées ou les minorités sont victimes de violences sexuelles et sexistes
"Les personnes en situation de pauvreté ou d’exclusion, les migrants et les personnes mineures en sont les premières victimes",Gauche Radicale,Parti communiste français,2024-01-24,ACCUSATEUR,1,0.48393088579177856,l'immigration ou la culture étrangère est la cause des violences sexuelles et sexistes
"Je vais vous en donner quelques-uns : en région parisienne, 63 % des agressions sexuelles sont le fait d’étrangers",Extrême Droite,Rassemblement national,2023-07-11,ACCUSATEUR,1,0.4933658838272095,l'immigration ou la culture étrangère est la cause des violences sexuelles et sexistes
"La violence sexuelle déplace, terrorise, détruit des individus, des familles et des communautés entières, atteignant des niveaux de cruauté inimaginable à l’égard de femmes de tout âge",Centre,La République en Marche,2023-11-28,VICTIME,-1,0.49705779552459717,les personnes immigrées ou les minorités sont victimes de violences sexuelles et sexistes
"Si vos paroles sont suivies d’actes, vous nous trouverez à vos côtés : exigeons du Gouvernement qu’il fasse la lumière sur les financements européens qui, en Libye, participent, d’une manière directe ou indirecte, à alimenter un système dénoncé par les enquêteurs de l’ONU, fait de prisons secrètes où les migrants sont réduits en esclavage, subissent des sévices sexuels et des crimes contre l’humanité",Gauche Radicale,La France Insoumise,2023-11-28,VICTIME,-1,0.7550356388092041,les personnes immigrées ou les minorités sont victimes de violences sexuelles et sexistes
"D’ailleurs, la commissaire aux droits de l’homme du Conseil de l’Europe rappelle aux États membres leur obligation d’assurer la recherche et le sauvetage des migrants en mer et demande que soit mis fin à tout harcèlement politique, judiciaire et administratif à l’encontre des ONG humanitaires",Gauche Radicale,La France Insoumise,2023-11-28,NEUTRE,0,0.6248739957809448,"la déclaration est neutre, administrative ou évoque l'immigration sans l'accuser ni la victimiser"
"Après avoir permis aux policiers et aux gendarmes de se déplacer pour recueillir les plaintes à domicile, chez un avocat, dans les associations d’aide aux victimes et dans les CCAS – centres communaux d’action sociale –, nous proposons que la personne victime de violences conjugales qui n’a pas voulu déposer plainte immédiatement ou qui s’est réfugiée chez un proche puisse désormais le faire par visioconférence",Droite Traditionnelle,Les Républicains,2022-11-15,ACCUSATEUR,1,0.40660563111305237,l'immigration ou la culture étrangère est la cause des violences sexuelles et sexistes
"Comme les violences conjugales ne s’arrêtent malheureusement pas à la frontière, je souhaite, par cet amendement, préciser le périmètre d’application du dispositif prévu à l’article 6",Centre,La République en Marche,2022-11-15,VICTIME,-1,0.5028809905052185,les personnes immigrées ou les minorités sont victimes de violences sexuelles et sexistes
Elle condamne les travailleurs étrangers et toutes les victimes de racisme,Gauche Radicale,La France Insoumise,2023-06-06,ACCUSATEUR,1,0.4316342771053314,l'immigration ou la culture étrangère est la cause des violences sexuelles et sexistes
"Quand la communauté éducative sera-t-elle formée, pour ne plus considérer le harcèlement scolaire comme une affaire d’enfants",Droite Traditionnelle,Les Républicains,2023-06-06,NEUTRE,0,0.7232482433319092,"la déclaration est neutre, administrative ou évoque l'immigration sans l'accuser ni la victimiser"
"Si certaines des disposition de ce texte ont, je tiens à le dire avec netteté, la faveur de notre groupe, comme celles relatives au respect de la laïcité, chérie et en effet attaquée, à la neutralité du service public ou à la protection fonctionnelle des agents, si nous souscrivons à l’idée de mieux contrôler les financements étrangers des associations cultuelles et le fonctionnement des établissements hors contrat, si nous réprouvons sans réserve les violences faites aux femmes, des actes qui n’ont pas leur place dans notre république – en l’espèce les certificats de virginité, les mariages forcés, la polygamie –, je dois aussi vous dire dans quelle profonde circonspection nous plonge ce projet de loi",Gauche Modérée,Parti socialiste,2021-02-01,ACCUSATEUR,1,0.6611190438270569,l'immigration ou la culture étrangère est la cause des violences sexuelles et sexistes
"Sur la lutte contre les discriminations, pas un mot, alors que tant de nos compatriotes les subissent au quotidien lorsqu’ils cherchent un appartement ou un emploi avec cette réalité d’une violence inouïe : plus nos concitoyens de confession musulmane sont intégrés, plus la discrimination est forte pour eux",Gauche Modérée,Parti socialiste,2021-02-01,ACCUSATEUR,1,0.48425599932670593,l'immigration ou la culture étrangère est la cause des violences sexuelles et sexistes
"Nous avons également validé le principe du nouvel article 15 , introduit au Sénat à l’initiative de Ian Brossat, qui étend la délivrance d’une carte de séjour aux étrangers victimes de conditions d’hébergement indignes qui déposeraient plainte ou témoigneraient contre l’auteur des faits",Centre,Ensemble,2023-12-11,NEUTRE,0,0.4000638723373413,"la déclaration est neutre, administrative ou évoque l'immigration sans l'accuser ni la victimiser"
"Les étrangers victimes de conditions de travail inhumaines, du proxénétisme et des marchands de sommeil se verront protégés grâce à la réécriture et à l’élargissement du champ d’application de l’amendement du sénateur Ian Brossat",Centre,Ensemble,2023-12-11,ACCUSATEUR,1,0.5093064308166504,l'immigration ou la culture étrangère est la cause des violences sexuelles et sexistes
Comment tolérer qu’un réfugié soudanais ne soit pas expulsé après avoir menacé de mort et agressé une jeune femme en plein cœur de Rouen,Extrême Droite,Rassemblement national,2023-03-01,VICTIME,-1,0.5020095109939575,les personnes immigrées ou les minorités sont victimes de violences sexuelles et sexistes
"En sept ans, vous avez fait de nos quartiers des favelas : en Île-de-France, deux tiers des agressions sexuelles sont le fait d’étrangers",Extrême Droite,Rassemblement national,2024-05-07,VICTIME,-1,0.4829232096672058,les personnes immigrées ou les minorités sont victimes de violences sexuelles et sexistes
"Prenons tout d’abord l’exemple de la Libye, pays considéré comme sûr par l’Union européenne alors qu’il viole de façon évidente les droits humains des migrants, comme le rappelle régulièrement l’ONU",Gauche Radicale,La France Insoumise,2024-05-07,ACCUSATEUR,1,0.41794490814208984,l'immigration ou la culture étrangère est la cause des violences sexuelles et sexistes
"Cessons de dévoyer les propos de Max Weber : l’État est cette « communauté humaine » qui, à l’intérieur d’« un territoire déterminé », revendique pour elle-même et parvient à imposer « le monopole de la violence physique légitime »",Gauche Modérée,Parti socialiste,2023-05-03,VICTIME,-1,0.48699918389320374,les personnes immigrées ou les minorités sont victimes de violences sexuelles et sexistes
"Alors que la gauche exaltait, par opportunisme électoral, les différences sexuelles, culturelles et ethniques 															, Donald Trump rappelait que peu importent ces différences, car c’est l’Amérique, en tant que communauté de destin, qu’il convient de préserver",Extrême Droite,UDR - Union des Droites pour la République,2025-01-15,NEUTRE,0,0.34427088499069214,"la déclaration est neutre, administrative ou évoque l'immigration sans l'accuser ni la victimiser"
"Encore un exemple : Mme Layla Naffa, membre du conseil d’administration de l’IFE et directrice des programmes de l’Organisation des femmes arabes de Jordanie, a signé en janvier 2024 un « appel urgent » niant la réalité des crimes sexuels commis le 7 octobre",Centre,Ensemble ! (majorité présidentielle),2025-04-29,VICTIME,-1,0.4468092620372772,les personnes immigrées ou les minorités sont victimes de violences sexuelles et sexistes
"Deuxièmement, est-il prévu que ce dispositif soit étendu aux familles de victimes des déportations organisées par l’État français après la période de Vichy, par exemple celles qui ont visé les réfugiés républicains espagnols dans les environs de Toulouse au début des années 1950",Gauche Radicale,La France Insoumise,2025-04-29,NEUTRE,0,0.39358413219451904,"la déclaration est neutre, administrative ou évoque l'immigration sans l'accuser ni la victimiser"
"Il est essentiel que chaque étudiant se sente en sécurité après avoir franchi les portes d’une université, d’un établissement d’enseignement supérieur et puisse s’adresser à un référent s’il est victime de discriminations, d’antisémitisme, de racisme ou d’islamophobie",Gauche Modérée,Les Écologistes - EELV,2025-05-06,ACCUSATEUR,1,0.5032129883766174,l'immigration ou la culture étrangère est la cause des violences sexuelles et sexistes
"Dans un sondage Ifop réalisé en septembre 2023 pour l’UEJF, 91 % des étudiants de confession juive disaient avoir déjà été victimes d’un acte antisémite, quelle qu’en soit la forme",Centre,Ensemble ! (majorité présidentielle),2025-05-06,VICTIME,-1,0.44643619656562805,les personnes immigrées ou les minorités sont victimes de violences sexuelles et sexistes
"Depuis le 7 octobre 2023, la France fait face à une recrudescence préoccupante et inacceptable des agressions, tant physiques que verbales, à l’encontre des personnes de confession juive",Centre,Ensemble ! (majorité présidentielle),2025-05-06,VICTIME,-1,0.44194284081459045,les personnes immigrées ou les minorités sont victimes de violences sexuelles et sexistes
"Pas plus tard qu’hier, dans le Var, deux étrangers, dont l’un est mort, ont été agressés par un de leurs voisins qui a revendiqué le caractère raciste de ses actes",Gauche Modérée,Les Écologistes - EELV,2025-06-02,VICTIME,-1,0.4994205832481384,les personnes immigrées ou les minorités sont victimes de violences sexuelles et sexistes
"En Europe, 50 % des musulmans se disent victimes de discriminations au quotidien",Gauche Modérée,Les Écologistes - EELV,2025-03-26,VICTIME,-1,0.45908817648887634,les personnes immigrées ou les minorités sont victimes de violences sexuelles et sexistes
"Toutefois, en ce qui concerne l’islam, elle fait trop souvent office de faux nez de la haine et de la violence",Centre,Ensemble ! (majorité présidentielle),2025-03-26,VICTIME,-1,0.37291890382766724,les personnes immigrées ou les minorités sont victimes de violences sexuelles et sexistes
Sa définition renvoie à une peur et à des actes de discrimination ou de violence contre des institutions ou des individus en raison de leur appartenance réelle ou supposée à l’islam,Gauche Modérée,Parti socialiste,2025-03-26,ACCUSATEUR,1,0.8249776363372803,l'immigration ou la culture étrangère est la cause des violences sexuelles et sexistes
"–, les musulmans et les musulmanes sont les premières victimes de l’obscurantisme et de la violence de l’islamisme",Gauche Radicale,Parti communiste français,2025-03-26,ACCUSATEUR,1,0.36473503708839417,l'immigration ou la culture étrangère est la cause des violences sexuelles et sexistes
"Dans le discours public, depuis des années, les femmes musulmanes, particulièrement celles qui portent le voile, sont la cible de discours violents",Gauche Radicale,Parti communiste français,2025-03-26,VICTIME,-1,0.5465837121009827,les personnes immigrées ou les minorités sont victimes de violences sexuelles et sexistes
"Certes, il est multifactoriel, mais on ne peut pas nier le poids des amalgames entre islam et islamisme radical et violent",Gauche Modérée,Parti socialiste,2025-03-26,VICTIME,-1,0.37849101424217224,les personnes immigrées ou les minorités sont victimes de violences sexuelles et sexistes
"La peur des insultes, menaces, agressions en pleine rue, d’un retour des ratonnades, est très présente parmi les musulmans de France, qui ne se sentent plus en sécurité",Gauche Modérée,Les Écologistes - EELV,2025-03-26,ACCUSATEUR,1,0.4465179145336151,l'immigration ou la culture étrangère est la cause des violences sexuelles et sexistes
"Comme l’a excellemment souligné Elsa Faucillon au nom du groupe de la Gauche démocrate et républicaine, bien des violences, notamment subies par nos compatriotes musulmans, passent sous les radars",Gauche Radicale,Parti communiste français,2025-03-26,VICTIME,-1,0.46389299631118774,les personnes immigrées ou les minorités sont victimes de violences sexuelles et sexistes
"Cette lâche et abjecte agression raciste illustre un phénomène bien connu de vos services, madame la ministre, comme de ceux du ministre de l’intérieur : les femmes sont les premières victimes – 75 % des agressions selon le collectif #NousToutes, plus de 80 % selon l’association Lallab – des crimes et délits commis à l’encontre de musulmans",Gauche Radicale,Parti communiste français,2025-03-26,VICTIME,-1,0.7805875539779663,les personnes immigrées ou les minorités sont victimes de violences sexuelles et sexistes
"Une telle violence n’est pas sortie de nulle part : elle accompagne la rhétorique de l’extrême droite, dont la vague lèche d’ailleurs certains bancs de l’extrême centre, visant à restreindre la liberté, surtout celle des musulmans, au sein de l’espace public",Gauche Radicale,Parti communiste français,2025-03-26,VICTIME,-1,0.4902991056442261,les personnes immigrées ou les minorités sont victimes de violences sexuelles et sexistes
"Quelles mesures comptez-vous prendre pour, grâce à des moyens accrus, documenter, objectiver, endiguer ces discriminations, ces violences, cette haine, en particulier à l’égard des musulmanes",Gauche Radicale,Parti communiste français,2025-03-26,VICTIME,-1,0.5640988349914551,les personnes immigrées ou les minorités sont victimes de violences sexuelles et sexistes
"Ainsi, le meurtre de Djamel Bendjaballah, le 31 août 2024 à Dunkerque, pour lequel la qualification raciste n’a pas été retenue, ne figure dans aucun recensement, alors même que ce crime a été commis par un militant d’extrême droite qui avait multiplié les intimidations et injures islamophobes à l’encontre de la victime, tuée sous les yeux de sa fille de dix ans",Gauche Radicale,La France Insoumise,2025-03-26,NEUTRE,0,0.3800448775291443,"la déclaration est neutre, administrative ou évoque l'immigration sans l'accuser ni la victimiser"
"Selon l’Agence des droits fondamentaux de l’Union européenne, 39 % des musulmans interrogés en France déclarent avoir été victimes de discriminations au cours des cinq dernières années",Gauche Radicale,La France Insoumise,2025-03-26,VICTIME,-1,0.4832000136375427,les personnes immigrées ou les minorités sont victimes de violences sexuelles et sexistes
"Les musulmans deviennent des boucs émissaires faciles : ils sont systématiquement exposés à des insultes, à des discriminations dans l’accès au logement et à l’emploi, voire à des agressions physiques",Gauche Radicale,La France Insoumise,2025-03-26,VICTIME,-1,0.5334286689758301,les personnes immigrées ou les minorités sont victimes de violences sexuelles et sexistes
"Notre code civil ne fait pas mention d’un devoir conjugal, mais une interprétation archaïque de l’article 215, qui dispose que « les époux s’obligent mutuellement à une communauté de vie », a pu être comprise comme une obligation sexuelle implicite, dans le cadre du mariage",Gauche Radicale,Parti communiste français,2025-04-01,VICTIME,-1,0.49388155341148376,les personnes immigrées ou les minorités sont victimes de violences sexuelles et sexistes
"C’est Laurent Nuñez, préfet de police de Paris, qui affirmait en février que les étrangers représentent 40 % des violences sexuelles dans la capitale et son agglomération",Extrême Droite,UDR - Union des Droites pour la République,2025-04-01,VICTIME,-1,0.5809776186943054,les personnes immigrées ou les minorités sont victimes de violences sexuelles et sexistes
"C’est à ce titre que je tiens à saluer, avec une grande émotion, la vice-présidente de l’UDR, Claire Géronimi, qui a été victime d’un viol commis par un clandestin faisant l’objet d’une obligation de quitter le territoire français (OQTF), en novembre 2023",Extrême Droite,UDR - Union des Droites pour la République,2025-04-01,ACCUSATEUR,1,0.48682817816734314,l'immigration ou la culture étrangère est la cause des violences sexuelles et sexistes
Le combat contre les violences physiques et sexuelles n’a ni couleur politique ni frontières partisanes,Droite Traditionnelle,Les Républicains,2025-04-01,NEUTRE,0,0.7986276745796204,"la déclaration est neutre, administrative ou évoque l'immigration sans l'accuser ni la victimiser"
"Tracer clairement la frontière entre la sexualité et la violence, tout d’abord",Gauche Modérée,Les Écologistes - EELV,2025-04-01,NEUTRE,0,0.48902902007102966,"la déclaration est neutre, administrative ou évoque l'immigration sans l'accuser ni la victimiser"
"Au lieu d’adopter des mesures inutiles et risquées, nous devons concentrer nos efforts sur des actions concrètes et efficaces : renforcer les moyens de la justice, assurer la bonne exécution des peines, expulser les criminels étrangers et garantir une réponse rapide et juste aux victimes de violences sexuelles",Extrême Droite,Rassemblement national,2025-04-01,ACCUSATEUR,1,0.4598730206489563,l'immigration ou la culture étrangère est la cause des violences sexuelles et sexistes
"Eux, ce qu’ils veulent, c’est pouvoir continuer à dénoncer le violeur étranger et laisser dormir sur leurs deux oreilles les autres",Gauche Radicale,La France Insoumise,2025-04-01,NEUTRE,0,0.5292636752128601,"la déclaration est neutre, administrative ou évoque l'immigration sans l'accuser ni la victimiser"
"Ce texte ne se livre pas à la surenchère pénale et ne touche pas à la présomption d’innocence, mais refuse une justice de classe et patriarcale, qui condamne plus facilement l’étranger ou le vagabond armé que le mari qui viole son épouse derrière les murs de sa maison, que le patron qui viole sa secrétaire au bureau ou que l’élu qui viole une femme dépendante de son aide",Gauche Radicale,La France Insoumise,2025-04-01,NEUTRE,0,0.4157317578792572,"la déclaration est neutre, administrative ou évoque l'immigration sans l'accuser ni la victimiser"
"Nous sommes, en France, dans une situation où le code pénal reconnaît le viol conjugal, mais où le code civil peut encore interpréter l’obligation de communauté de vie comme une obligation d’avoir des relations sexuelles avec son conjoint, autrement dit comme un devoir conjugal",Gauche Radicale,La France Insoumise,2025-04-01,VICTIME,-1,0.48637688159942627,les personnes immigrées ou les minorités sont victimes de violences sexuelles et sexistes
"Ce texte va y contribuer, mais j’ai également déposé une proposition de loi – que je vous invite toutes et tous à signer – qui pourrait être très consensuelle , puisqu’elle vise à garantir qu’en aucun cas la communauté de vie ne puisse être interprétée comme un devoir conjugal dans le code civil",Gauche Radicale,La France Insoumise,2025-04-01,VICTIME,-1,0.36940157413482666,les personnes immigrées ou les minorités sont victimes de violences sexuelles et sexistes
"Des milliers de civils ont été massacrés lors d’exactions commises par des rebelles islamistes et par les forces d’un gouvernement autoritaire : décapitations, viols, mutilations, enlèvements, tortures, exécutions, y compris d’enfants",Gauche Modérée,Europe Écologie Les Verts,2024-11-27,VICTIME,-1,0.5394145846366882,les personnes immigrées ou les minorités sont victimes de violences sexuelles et sexistes
"Dans un tel contexte, les récits mensongers véhiculés par l’extrême droite et par une partie de la droite visent à faire croire que les violences sexuelles seraient principalement le fait d’étrangers dans l’espace public",Gauche Modérée,Les Écologistes - EELV,2025-05-27,ACCUSATEUR,1,0.6216031312942505,l'immigration ou la culture étrangère est la cause des violences sexuelles et sexistes
Ces profils sont donc bien éloignés du portrait qui a pu être dressé d’étrangers vulnérables victimes de discriminations,Centre,Ensemble ! (majorité présidentielle),2025-07-08,NEUTRE,0,0.7050426006317139,"la déclaration est neutre, administrative ou évoque l'immigration sans l'accuser ni la victimiser"
"Enfin, à propos des affreux violeurs étrangers qui agresseraient les femmes, je rappelle que le viol – sujet dont vous ignorez tout – est le plus souvent commis dans le cadre de la famille",Gauche Radicale,La France Insoumise,2025-04-03,ACCUSATEUR,1,0.608203113079071,l'immigration ou la culture étrangère est la cause des violences sexuelles et sexistes
"elles intègrent très bien la violence islamophobe et raciste qui s’ajoute à la violence patriarcale, à rebours du discours de liberté et d’émancipation que l’institution devrait tenir sur l’égalité entre filles et garçons",Gauche Radicale,La France Insoumise,2025-01-16,VICTIME,-1,0.5725162625312805,les personnes immigrées ou les minorités sont victimes de violences sexuelles et sexistes
"Les alinéas de l’article 1er que nous avons votés sont très intéressants, à cet égard, puisqu’ils évoquent les étrangers condamnés pour crime contre l’humanité, crime contre l’espèce humaine, meurtre, assassinat, empoisonnement, pour des crimes et des délits de violence, de viol, d’agression sexuelle, de trafic de stupéfiants, et j’en passe – je ne vais pas tout énumérer",Extrême Droite,Rassemblement national,2025-07-02,ACCUSATEUR,1,0.595950186252594,l'immigration ou la culture étrangère est la cause des violences sexuelles et sexistes
"J’en profite pour vous alerter, et revenir sur un épisode historique : il n’y a pas si longtemps, de nombreux étrangers sont arrivés en France parce qu’ils étaient pourchassés ou victimes de discriminations, notamment pendant la seconde guerre mondiale",Gauche Radicale,La France Insoumise,2025-07-02,ACCUSATEUR,1,0.4298746883869171,l'immigration ou la culture étrangère est la cause des violences sexuelles et sexistes
"Les étrangers représentent 10 % de la population française, mais ils sont responsables de 15 % des violences sexuelles, de 18 % des homicides, de 27 % des vols violents et de 38 % des cambriolages",Extrême Droite,UDR - Union des Droites pour la République,2025-10-22,VICTIME,-1,0.7160570025444031,les personnes immigrées ou les minorités sont victimes de violences sexuelles et sexistes
"Cet amendement révèle l’obsession de votre famille politique pour les étrangers, et non le souci de lutter contre les violences sexistes et sexuelles dont sont victimes les femmes",Centre,Ensemble ! (majorité présidentielle),2025-02-11,VICTIME,-1,0.9172273278236389,les personnes immigrées ou les minorités sont victimes de violences sexuelles et sexistes
"Les chiffres parlent d’eux-mêmes : en 2019, 93 % des vols et 63 % des agressions sexuelles commis dans les transports en commun d’Île-de-France étaient le fait d’étrangers",Extrême Droite,Rassemblement national,2025-02-11,ACCUSATEUR,1,0.5135825276374817,l'immigration ou la culture étrangère est la cause des violences sexuelles et sexistes
"Les responsables sont ceux qui ne régulent pas, ceux qui mettent leur réseau social au service de leurs idées parfois nauséabondes, ceux qui permettent au harcèlement de proliférer en l’ignorant ou, pire, en mettant en avant des communautés de harceleurs par la grâce des algorithmes",Gauche Radicale,La France Insoumise,2025-03-13,VICTIME,-1,0.4100895822048187,les personnes immigrées ou les minorités sont victimes de violences sexuelles et sexistes
"Elle est aveugle aux violences subies par la femme migrante, prostituée, handicapée, psychiatrisée, précarisée, autant de proies du policier,…",Gauche Radicale,La France Insoumise,2025-10-23,VICTIME,-1,0.8497670292854309,les personnes immigrées ou les minorités sont victimes de violences sexuelles et sexistes
"Définir le violeur comme un étranger et l’étranger comme un violeur, c’est couvrir tous ces chevaliers blancs",Gauche Radicale,La France Insoumise,2025-10-23,ACCUSATEUR,1,0.9050529599189758,l'immigration ou la culture étrangère est la cause des violences sexuelles et sexistes
"Quand vous parlez des violences à l’encontre des femmes, vous parlez systématiquement des étrangers, mais vous oubliez que c’est souvent dans leur cercle proche que les femmes sont victimes de violences, et qu’elles subissent notamment des violences conjugales",Gauche Radicale,La France Insoumise,2025-02-06,VICTIME,-1,0.5050842761993408,les personnes immigrées ou les minorités sont victimes de violences sexuelles et sexistes
"J’espère sincèrement que ce texte sera adopté à l’unanimité comme il l’a été au Sénat, au nom de toutes les victimes, notamment de confession juive, qui subissent chaque jour, si injustement, la haine de certains de leurs concitoyens",Centre,Ensemble ! (majorité présidentielle),2025-05-07,VICTIME,-1,0.47605934739112854,les personnes immigrées ou les minorités sont victimes de violences sexuelles et sexistes
"…à tous les étudiants juifs de France qui sont agressés, insultés et subissent des discriminations pour la seule raison qu’ils sont Juifs, particulièrement depuis les attentats islamistes du 7 octobre 2023",Extrême Droite,Rassemblement national,2025-05-07,VICTIME,-1,0.800560712814331,les personnes immigrées ou les minorités sont victimes de violences sexuelles et sexistes
"Cet homme était un violeur et un meurtrier avant tout, avant d’être un étranger",Gauche Modérée,Parti socialiste,2025-07-01,VICTIME,-1,0.5171739459037781,les personnes immigrées ou les minorités sont victimes de violences sexuelles et sexistes
"Monsieur le président de la commission, il faut dire les choses : cette loi vise spécifiquement les étrangers en laissant entendre que le fait d’être étranger et en situation irrégulière conduit potentiellement à être un criminel, un meurtrier et peut-être un violeur",Gauche Modérée,Parti socialiste,2025-07-01,ACCUSATEUR,1,0.860368013381958,l'immigration ou la culture étrangère est la cause des violences sexuelles et sexistes
"Si ce que vous dites n’a aucun sens – nous reviendrons sur l’inefficacité des mesures que vous proposez à l’occasion de la discussion des amendements –, j’assume pour ma part le terme de « xénophobie », parce que vous créez une distinction et une discrimination entre un violeur français et un violeur étranger",Gauche Modérée,Parti socialiste,2025-07-01,ACCUSATEUR,1,0.5369617938995361,l'immigration ou la culture étrangère est la cause des violences sexuelles et sexistes
"Pour moi qui suis une femme, la place d’un violeur est en prison, qu’il soit français ou étranger",Gauche Modérée,Parti socialiste,2025-07-01,VICTIME,-1,0.5144992470741272,les personnes immigrées ou les minorités sont victimes de violences sexuelles et sexistes
Mais les violeurs de Bétharram ou ceux de Gisèle Pelicot ne sont pas des étrangers et on ne vous entend pas beaucoup à leur sujet,Gauche Modérée,Parti socialiste,2025-07-01,VICTIME,-1,0.5055039525032043,les personnes immigrées ou les minorités sont victimes de violences sexuelles et sexistes
"Dans ce débat, il est temps de rappeler un fait : ce qui caractérise les auteurs de violences et de crimes sexuels et sexistes, c’est le fait qu’ils sont des hommes, pas le fait qu’ils sont étrangers",Gauche Radicale,Parti communiste français,2025-07-01,VICTIME,-1,0.4656403958797455,les personnes immigrées ou les minorités sont victimes de violences sexuelles et sexistes
"C’est la donnée majeure qui caractérise ces violences, donnée que vous cherchez à éviter, à la fois pour déverser librement votre haine sur les étrangers et pour détourner l’attention des réponses sociales à apporter en termes de démasculinisation, de dévirilisation et d’éducation",Gauche Radicale,Parti communiste français,2025-07-01,ACCUSATEUR,1,0.6515088677406311,l'immigration ou la culture étrangère est la cause des violences sexuelles et sexistes
"n’en déplaise à l’extrême droite, qui fait le tri entre les bons et les mauvais agresseurs  et ne dénonce les viols que lorsqu’ils lui permettent de s’en prendre aux migrants, à la gauche, à la liberté de mœurs et parfois à la liberté de genre",Gauche Radicale,La France Insoumise,2024-10-09,VICTIME,-1,0.48463836312294006,les personnes immigrées ou les minorités sont victimes de violences sexuelles et sexistes
"Après avoir honteusement supprimé le droit du sol à Mayotte – il n’est plus effectif pour 90 % des gens, les enfants à naître seront les premières victimes de cette suppression –, le gouvernement, main dans la main avec l’extrême droite, déploie désormais tous les artifices juridiques possibles pour rendre la vie impossible aux enfants français nés de parents étrangers",Gauche Radicale,La France Insoumise,2025-07-09,ACCUSATEUR,1,0.45874595642089844,l'immigration ou la culture étrangère est la cause des violences sexuelles et sexistes
"Pour que le combat de ces milliers de femmes et d’hommes ne soit pas vain, pour que les assassinats, les tortures et les violences subies ne tombent pas dans l’oubli, le groupe Les Démocrates souhaite envoyer à la communauté internationale et à l’ensemble des Iraniens un message fort de solidarité",Centre,Ensemble ! (majorité présidentielle),2025-01-29,VICTIME,-1,0.5822675824165344,les personnes immigrées ou les minorités sont victimes de violences sexuelles et sexistes
"captives d’un code islamique fondamentalement inégalitaire, qui institutionnalise l’apartheid sexuel, les contraint au port du voile, les maintient en marge de la vie économique et sociale et limite leur accès à l’éducation et à l’université",Extrême Droite,UDR - Union des Droites pour la République,2025-01-29,VICTIME,-1,0.6226783990859985,les personnes immigrées ou les minorités sont victimes de violences sexuelles et sexistes
"Le rapport de la mission internationale d’établissements des faits sur la république islamique d’Iran est sans appel : les manifestantes et les manifestants ont été ciblés, parfois à balles réelles, violentés, arrêtés arbitrairement et détenus dans des conditions indignes, où ils subissent parfois des actes de torture, voire sont condamnés à mort",Centre,La République en Marche,2025-01-29,VICTIME,-1,0.46995973587036133,les personnes immigrées ou les minorités sont victimes de violences sexuelles et sexistes
"Cette session a abouti à la création d’une mission d’établissement des faits, qui permet à la communauté internationale de collecter des preuves, de manière indépendante, impartiale et transparente, sur les violations commises par le régime en réaction aux manifestations de 2022",Centre,La République en Marche,2025-01-29,VICTIME,-1,0.4709816873073578,les personnes immigrées ou les minorités sont victimes de violences sexuelles et sexistes
"Je pense aux mères seules contraintes de devenir nourrices, aux choufs exploités, aux enfants de l’aide sociale à l’enfance, étrangers ou non, drogués pour dealer, et aux jeunes filles victimes de réseaux de prostitution",Gauche Radicale,Parti communiste français,2025-03-17,VICTIME,-1,0.7854289412498474,les personnes immigrées ou les minorités sont victimes de violences sexuelles et sexistes
"Les étrangers, les binationaux ou, plus largement, nos concitoyens issus de l’immigration – ceux qui subissent la violence d’une administration qui restreint et piétine leurs droits, ceux qui subissent la violence d’une stigmatisation permanente et d’une discrimination systémique",Gauche Radicale,La France Insoumise,2025-10-30,ACCUSATEUR,1,0.4940180480480194,l'immigration ou la culture étrangère est la cause des violences sexuelles et sexistes
vous voulez accentuer la xénophobie d’État et le harcèlement juridique contre les étrangers,Gauche Radicale,La France Insoumise,2025-10-30,ACCUSATEUR,1,0.49728381633758545,l'immigration ou la culture étrangère est la cause des violences sexuelles et sexistes
"Concernant la part des étrangers dans la délinquance, les données indiquent que 93 % des personnes mises en cause pour des vols sans violences dans les transports en commun en Île-de-France sont de nationalité étrangère, tandis que cette proportion est de 66 % pour les vols avec violences, sans parler des agressions sexuelles en Île-de-France, dont 63 % sont le fait d’étrangers",Extrême Droite,Rassemblement national,2025-03-18,ACCUSATEUR,1,0.6155474781990051,l'immigration ou la culture étrangère est la cause des violences sexuelles et sexistes
"Plusieurs députés d’extrême droite sont donc en train de rire d’un féminicide, d’un drame qui a ému l’ensemble de la communauté nationale",Gauche Radicale,La France Insoumise,2025-04-30,VICTIME,-1,0.5496638417243958,les personnes immigrées ou les minorités sont victimes de violences sexuelles et sexistes
"Je reviens non sur la référence morbide et répugnante à un féminicide, dénoncée précédemment par mes collègues, mais sur un autre propos, tenu dans la même intervention et qui a consisté à tourner en ridicule, en dérision, de façon tout aussi répugnante, les larmes d’un ancien collègue, en l’occurrence Jean-Luc Mélenchon, des larmes que nous partageons toutes et tous ici, après le meurtre islamophobe d’Aboubacar Cissé",Gauche Modérée,Les Écologistes - EELV,2025-04-30,VICTIME,-1,0.516808271408081,les personnes immigrées ou les minorités sont victimes de violences sexuelles et sexistes
"En revanche, nous voulons qu’un étranger soit expulsé s’il se rend coupable de proxénétisme, de viol, de meurtre, de harcèlement sexuel aggravé, de diffusion de messages pornographiques à des mineurs, de menace de mort ou encore d’abus de faiblesse sur un mineur, une personne âgée ou une personne en situation de handicap",Extrême Droite,Rassemblement national,2024-10-31,VICTIME,-1,0.7527340054512024,les personnes immigrées ou les minorités sont victimes de violences sexuelles et sexistes
"De toute façon, plus personne n’ignore que votre soutien sans limite à l’immigration est le terreau du communautarisme islamiste, de l’expansion de la charia et de la banalisation du viol",Extrême Droite,Rassemblement national,2024-10-31,ACCUSATEUR,1,0.9316627383232117,l'immigration ou la culture étrangère est la cause des violences sexuelles et sexistes
"Si vous étiez réellement féministes, vous vous seriez rendus disponibles pour l’audition de la courageuse Claire Geronimi qui a accepté de raconter le calvaire qu’elle a subi lors de son viol par un étranger dans l’obligation de quitter le territoire français",Extrême Droite,Rassemblement national,2024-10-31,VICTIME,-1,0.6627020835876465,les personnes immigrées ou les minorités sont victimes de violences sexuelles et sexistes
"Mais peut-être que pour vous, parce que leurs bourreaux sont étrangers et parce qu’elles sont françaises, ce sont des sous-victimes qui ne méritent pas votre temps",Extrême Droite,Rassemblement national,2024-10-31,ACCUSATEUR,1,0.5189960598945618,l'immigration ou la culture étrangère est la cause des violences sexuelles et sexistes
Pas moins de 93 % des vols et 63 % des agressions sexuelles commis dans les transports d’Île-de-France sont le fait d’étrangers,Extrême Droite,Rassemblement national,2024-10-31,ACCUSATEUR,1,0.5311123728752136,l'immigration ou la culture étrangère est la cause des violences sexuelles et sexistes
Comment un étranger déjà condamné pour viol peut-il être libéré avant le terme de sa peine initiale et récidiver sans jamais se voir expulsé,Extrême Droite,Rassemblement national,2024-10-31,NEUTRE,0,0.4469887316226959,"la déclaration est neutre, administrative ou évoque l'immigration sans l'accuser ni la victimiser"
"Qui, dans cet hémicycle, défendra sérieusement qu’un étranger condamné à de la prison pour antisémitisme, homophobie, viol ou agression puisse rester sur notre territoire",Extrême Droite,Rassemblement national,2024-10-31,ACCUSATEUR,1,0.7778571844100952,l'immigration ou la culture étrangère est la cause des violences sexuelles et sexistes
"Ce phénomène peut toucher toutes les familles – chacun d’entre nous peut être victime de logiciels spécifiques –, y compris des familles qui vivent bien au-delà de nos frontières, persuadées à force d’échanges de fournir des photos ou des vidéos d’actes incestueux – agressions sexuelles ou viols",Centre,Ensemble ! (majorité présidentielle),2025-06-18,VICTIME,-1,0.84224534034729,les personnes immigrées ou les minorités sont victimes de violences sexuelles et sexistes
